<?xml version="1.0" encoding="UTF-8"?>
<project-private xmlns="http://www.netbeans.org/ns/project-private/1">
    <editor-bookmarks xmlns="http://www.netbeans.org/ns/editor-bookmarks/2" lastBookmarkId="0"/>
    <open-files xmlns="http://www.netbeans.org/ns/projectui-open-files/2">
        <group>
            <file>file:/G:/java/Project_23/New%20Spring23/Asif%20Works/GroupTheaterCompany/GroupTheaterCompany/src/grouptheatercompany/ViewTicketsSalesReportController.java</file>
            <file>file:/G:/java/Project_23/New%20Spring23/Asif%20Works/GroupTheaterCompany/GroupTheaterCompany/src/grouptheatercompany/GroupTheaterCompany.java</file>
        </group>
    </open-files>
</project-private>
